{
    "counter": {
        "ACTIVE": 19223,
        "INACTIVE": 1776,
        "INVALID": 0,
        "MALICIOUS": 0,
        "SANE": 0,
        "VALID": 0,
        "total": 20999
    },
    "percentage": {
        "ACTIVE": 91.5424544025906,
        "INACTIVE": 8.468434102613008,
        "INVALID": 0,
        "MALICIOUS": 0,
        "SANE": 0,
        "VALID": 0,
        "total": 100.0108885052036
    }
}