{
    "counter": {
        "ACTIVE": 17701,
        "INACTIVE": 3298,
        "INVALID": 0,
        "MALICIOUS": 0,
        "SANE": 0,
        "VALID": 0,
        "total": 20999
    },
    "percentage": {
        "ACTIVE": 84.2944902138197,
        "INACTIVE": 15.705509786180293,
        "INVALID": 0.0,
        "MALICIOUS": 0.0,
        "SANE": 0.0,
        "VALID": 0.0,
        "total": 100.0
    }
}