{
    "counter": {
        "ACTIVE": 17539,
        "INACTIVE": 3460,
        "INVALID": 0,
        "MALICIOUS": 0,
        "SANE": 0,
        "VALID": 0,
        "total": 20999
    },
    "percentage": {
        "ACTIVE": 83.5230249059479,
        "INACTIVE": 16.476975094052097,
        "INVALID": 0.0,
        "MALICIOUS": 0.0,
        "SANE": 0.0,
        "VALID": 0.0,
        "total": 100.0
    }
}