{
    "counter": {
        "ACTIVE": 19106,
        "INACTIVE": 1893,
        "INVALID": 0,
        "MALICIOUS": 0,
        "SANE": 0,
        "VALID": 0,
        "total": 20999
    },
    "percentage": {
        "ACTIVE": 90.98528501357208,
        "INACTIVE": 9.015573653379054,
        "INVALID": 0,
        "MALICIOUS": 0,
        "SANE": 0,
        "VALID": 0,
        "total": 100.00085866695113
    }
}