{
    "counter": {
        "ACTIVE": 18023,
        "INACTIVE": 2911,
        "INVALID": 65,
        "MALICIOUS": 0,
        "SANE": 0,
        "VALID": 0,
        "total": 20999
    },
    "percentage": {
        "ACTIVE": 85.82789656650317,
        "INACTIVE": 13.868508813720819,
        "INVALID": 0.3694021368492839,
        "MALICIOUS": 0,
        "SANE": 0,
        "VALID": 0,
        "total": 100.06580751707328
    }
}