{
    "counter": {
        "ACTIVE": 20087,
        "INACTIVE": 911,
        "INVALID": 1,
        "MALICIOUS": 0,
        "SANE": 0,
        "VALID": 0,
        "total": 20999
    },
    "percentage": {
        "ACTIVE": 95.65693604457356,
        "INACTIVE": 4.341402973694243,
        "INVALID": 0.06825938566552901,
        "MALICIOUS": 0,
        "SANE": 0,
        "VALID": 0,
        "total": 100.06659840393333
    }
}