{
    "counter": {
        "ACTIVE": 19421,
        "INACTIVE": 1578,
        "INVALID": 0,
        "MALICIOUS": 0,
        "SANE": 0,
        "VALID": 0,
        "total": 20999
    },
    "percentage": {
        "ACTIVE": 92.48535644554502,
        "INACTIVE": 7.524318138470341,
        "INVALID": 0,
        "MALICIOUS": 0,
        "SANE": 0,
        "VALID": 0,
        "total": 100.00967458401536
    }
}