{
    "counter": {
        "ACTIVE": 17496,
        "INACTIVE": 3502,
        "INVALID": 1,
        "MALICIOUS": 0,
        "SANE": 0,
        "VALID": 0,
        "total": 20999
    },
    "percentage": {
        "ACTIVE": 83.31825325015477,
        "INACTIVE": 16.677778836079625,
        "INVALID": 0.006400819304871024,
        "MALICIOUS": 0,
        "SANE": 0,
        "VALID": 0,
        "total": 100.00243290553927
    }
}