{
    "counter": {
        "ACTIVE": 17559,
        "INACTIVE": 3440,
        "INVALID": 0,
        "MALICIOUS": 0,
        "SANE": 0,
        "VALID": 0,
        "total": 20999
    },
    "percentage": {
        "ACTIVE": 83.61826753654935,
        "INACTIVE": 16.38173246345064,
        "INVALID": 0.0,
        "MALICIOUS": 0.0,
        "SANE": 0.0,
        "VALID": 0.0,
        "total": 100.0
    }
}