{
    "counter": {
        "ACTIVE": 18953,
        "INACTIVE": 2046,
        "INVALID": 0,
        "MALICIOUS": 0,
        "SANE": 0,
        "VALID": 0,
        "total": 20999
    },
    "percentage": {
        "ACTIVE": 90.25667888947093,
        "INACTIVE": 9.743321110529072,
        "INVALID": 0.0,
        "MALICIOUS": 0.0,
        "SANE": 0.0,
        "VALID": 0.0,
        "total": 100.0
    }
}