{
    "counter": {
        "ACTIVE": 19701,
        "INACTIVE": 1298,
        "INVALID": 0,
        "MALICIOUS": 0,
        "SANE": 0,
        "VALID": 0,
        "total": 20999
    },
    "percentage": {
        "ACTIVE": 93.81875327396543,
        "INACTIVE": 6.201328173522526,
        "INVALID": 0,
        "MALICIOUS": 0,
        "SANE": 0,
        "VALID": 0,
        "total": 100.02008144748795
    }
}