{
    "counter": {
        "ACTIVE": 17995,
        "INACTIVE": 3003,
        "INVALID": 1,
        "MALICIOUS": 0,
        "SANE": 0,
        "VALID": 0,
        "total": 20999
    },
    "percentage": {
        "ACTIVE": 85.69455688366112,
        "INACTIVE": 14.302043149021289,
        "INVALID": 0.004915454187966968,
        "MALICIOUS": 0,
        "SANE": 0,
        "VALID": 0,
        "total": 100.00151548687037
    }
}