{
    "counter": {
        "ACTIVE": 19297,
        "INACTIVE": 1702,
        "INVALID": 0,
        "MALICIOUS": 0,
        "SANE": 0,
        "VALID": 0,
        "total": 20999
    },
    "percentage": {
        "ACTIVE": 91.894852135816,
        "INACTIVE": 8.1155826816708,
        "INVALID": 0,
        "MALICIOUS": 0,
        "SANE": 0,
        "VALID": 0,
        "total": 100.0104348174868
    }
}