{
    "counter": {
        "ACTIVE": 19094,
        "INACTIVE": 1905,
        "INVALID": 0,
        "MALICIOUS": 0,
        "SANE": 0,
        "VALID": 0,
        "total": 20999
    },
    "percentage": {
        "ACTIVE": 90.92813943521121,
        "INACTIVE": 9.08353995803929,
        "INVALID": 0,
        "MALICIOUS": 0,
        "SANE": 0,
        "VALID": 0,
        "total": 100.0116793932505
    }
}