{
    "counter": {
        "ACTIVE": 17285,
        "INACTIVE": 3714,
        "INVALID": 0,
        "MALICIOUS": 0,
        "SANE": 0,
        "VALID": 0,
        "total": 20999
    },
    "percentage": {
        "ACTIVE": 82.3134434973094,
        "INACTIVE": 17.686556502690603,
        "INVALID": 0.0,
        "MALICIOUS": 0.0,
        "SANE": 0.0,
        "VALID": 0.0,
        "total": 100.0
    }
}